Epoch,evaluation/Actions Max,evaluation/Actions Mean,evaluation/Actions Min,evaluation/Actions Std,evaluation/Average Returns,evaluation/Num Paths,evaluation/Returns Max,evaluation/Returns Mean,evaluation/Returns Min,evaluation/Returns Std,evaluation/Rewards Max,evaluation/Rewards Mean,evaluation/Rewards Min,evaluation/Rewards Std,evaluation/env_infos/final/is_success Max,evaluation/env_infos/final/is_success Mean,evaluation/env_infos/final/is_success Min,evaluation/env_infos/final/is_success Std,evaluation/env_infos/initial/is_success Max,evaluation/env_infos/initial/is_success Mean,evaluation/env_infos/initial/is_success Min,evaluation/env_infos/initial/is_success Std,evaluation/env_infos/is_success Max,evaluation/env_infos/is_success Mean,evaluation/env_infos/is_success Min,evaluation/env_infos/is_success Std,evaluation/num paths total,evaluation/num steps total,evaluation/path length Max,evaluation/path length Mean,evaluation/path length Min,evaluation/path length Std,exploration/Actions Max,exploration/Actions Mean,exploration/Actions Min,exploration/Actions Std,exploration/Average Returns,exploration/Num Paths,exploration/Returns Max,exploration/Returns Mean,exploration/Returns Min,exploration/Returns Std,exploration/Rewards Max,exploration/Rewards Mean,exploration/Rewards Min,exploration/Rewards Std,exploration/env_infos/final/is_success Max,exploration/env_infos/final/is_success Mean,exploration/env_infos/final/is_success Min,exploration/env_infos/final/is_success Std,exploration/env_infos/initial/is_success Max,exploration/env_infos/initial/is_success Mean,exploration/env_infos/initial/is_success Min,exploration/env_infos/initial/is_success Std,exploration/env_infos/is_success Max,exploration/env_infos/is_success Mean,exploration/env_infos/is_success Min,exploration/env_infos/is_success Std,exploration/num paths total,exploration/num steps total,exploration/path length Max,exploration/path length Mean,exploration/path length Min,exploration/path length Std,time/data storing (s),time/epoch (s),time/evaluation sampling (s),time/exploration sampling (s),time/logging (s),time/sac training (s),time/saving (s),time/total (s),time/training (s),trainer/Alpha,trainer/Alpha Loss,trainer/Log Pis Max,trainer/Log Pis Mean,trainer/Log Pis Min,trainer/Log Pis Std,trainer/Policy Loss,trainer/Q Targets Max,trainer/Q Targets Mean,trainer/Q Targets Min,trainer/Q Targets Std,trainer/Q1 Predictions Max,trainer/Q1 Predictions Mean,trainer/Q1 Predictions Min,trainer/Q1 Predictions Std,trainer/Q2 Predictions Max,trainer/Q2 Predictions Mean,trainer/Q2 Predictions Min,trainer/Q2 Predictions Std,trainer/QF1 Loss,trainer/QF2 Loss,trainer/num train calls,trainer/policy/mean Max,trainer/policy/mean Mean,trainer/policy/mean Min,trainer/policy/mean Std,trainer/policy/normal/log_std Max,trainer/policy/normal/log_std Mean,trainer/policy/normal/log_std Min,trainer/policy/normal/log_std Std,trainer/policy/normal/std Max,trainer/policy/normal/std Mean,trainer/policy/normal/std Min,trainer/policy/normal/std Std
0,0.00032347644,-1.0875253e-05,-0.0004691511,0.0001350123,-58.97686415459752,100,-17.75613374751757,-58.97686415459752,-98.36788745184406,19.385254415344775,-0.35509384620527645,-1.1795372830919506,-1.9674070991350718,0.38770509466419756,0.0,0.0,0.0,0.0,0.0,0.0,0.0,0.0,0.0,0.0,0.0,0.0,100,5000,50,50.0,50,0.0,0.9985065,0.0035286038,-0.99878246,0.62335795,-58.26337721588605,20,-21.810249933972226,-58.26337721588605,-86.7783523096484,18.997857903947295,-0.3069921627136801,-1.1652675443177212,-1.830181265115704,0.38463573466814144,0.0,0.0,0.0,0.0,0.0,0.0,0.0,0.0,0.0,0.0,0.0,0.0,40,2000,50,50.0,50,0.0,0.004399232973810285,64.84093780972762,23.110456988972146,3.913468792976346,0.019160329014994204,37.786799244815484,0.006566407973878086,74.23944113595644,8.681300096213818e-05,1.0,-0.0,-2.4567862,-4.006913,-5.382312,0.5700345,-4.0067077,6.244971,3.723782,1.4577873,0.9167341,0.00075163203,-0.00010534832,-0.00097475987,0.0003164019,0.0013509963,0.00014447265,-0.0008963544,0.00040343683,14.707792,14.705841,0,0.0004424248,-1.2000993e-05,-0.00040208024,0.00014963873,0.0010664734,-4.0506864e-05,-0.0011926846,0.0007355663,1.001067,0.99995977,0.998808,0.00073547894
1,0.079946004,0.0014528135,-0.050294995,0.020297207,-60.800451693769034,100,-9.292297927647057,-60.800451693769034,-105.01214022769608,19.27153868639018,-0.17432073072445853,-1.2160090338753808,-2.1054762102754525,0.3856707912158647,0.0,0.0,0.0,0.0,0.0,0.0,0.0,0.0,0.0,0.0,0.0,0.0,200,10000,50,50.0,50,0.0,0.99846333,0.00077411224,-0.99637276,0.61181873,-54.472713764245235,20,-13.593605974965858,-54.472713764245235,-90.60643017164452,20.80529325884164,-0.17987569097702763,-1.0894542752849046,-1.8750113208640298,0.4217585159556195,0.0,0.0,0.0,0.0,0.0,0.0,0.0,0.0,0.0,0.0,0.0,0.0,60,3000,50,50.0,50,0.0,0.004439671000000089,64.20071272319183,22.664480221050326,3.7932215849868953,0.027890419005416334,37.69605927413795,0.014516093011479825,141.14440851891413,0.0001054599997587502,0.7407862544059753,-3.0316224098205566,-2.94726,-4.103955,-6.11917,0.43798786,-16.147387,17.287262,13.046994,7.205531,2.047128,18.413366,13.147872,7.4325233,2.132884,18.287748,13.136042,7.4713135,2.1235754,0.34893012,0.3392436,0,0.09969696,0.0031494014,-0.070787966,0.02624344,-0.023450755,-0.06999249,-0.12779823,0.01763084,0.9768221,0.93254536,0.88003093,0.016365506
2,0.06133136,0.0039887233,-0.07310447,0.020974495,-60.11988987760658,100,-7.833631325212416,-60.11988987760658,-95.75088528956653,19.515400805218245,-0.15284938030231154,-1.2023977975521314,-1.9276980496469303,0.39051707722300794,0.0,0.0,0.0,0.0,0.0,0.0,0.0,0.0,0.0,0.0,0.0,0.0,300,15000,50,50.0,50,0.0,0.9968552,0.002112152,-0.9982083,0.605517,-57.591742707910065,20,-30.77001623588829,-57.591742707910065,-79.27118535005754,16.82864549225059,-0.49069706590266277,-1.1518348541582013,-1.690444757215193,0.3397597121997812,0.0,0.0,0.0,0.0,0.0,0.0,0.0,0.0,0.0,0.0,0.0,0.0,80,4000,50,50.0,50,0.0,0.004615252022631466,64.37172448681667,22.351310428988654,3.8493190829758532,0.028450546029489487,38.123261305794585,0.014652771991677582,208.30755551334005,0.00011509901378303766,0.5487304329872131,-6.043700218200684,-3.4402313,-4.070349,-4.78741,0.3148825,-24.922544,29.148872,22.690277,11.387528,3.7143044,29.709467,22.730907,11.914739,3.6111348,29.596733,22.722183,11.972836,3.6034486,0.40527672,0.39210558,0,0.083908446,0.00408283,-0.098227926,0.028348353,-0.047881152,-0.08008242,-0.13980852,0.018815028,0.9532471,0.9232028,0.8695247,0.017246483
3,0.15103748,0.002790102,-0.098457724,0.028803535,-58.63407917431509,100,-18.06438721457142,-58.63407917431509,-99.22334754847869,19.58121000615528,-0.30023124258747946,-1.1726815834863016,-1.989130885330287,0.39243875840134007,0.0,0.0,0.0,0.0,0.0,0.0,0.0,0.0,0.0,0.0,0.0,0.0,400,20000,50,50.0,50,0.0,0.9983052,0.00943336,-0.99796796,0.6124875,-56.34618999352026,20,-28.59615303733943,-56.34618999352026,-82.66632088941498,14.7361869835778,-0.46367393087319014,-1.1269237998704051,-1.8261820716952766,0.3021645586914596,0.0,0.0,0.0,0.0,0.0,0.0,0.0,0.0,0.0,0.0,0.0,0.0,100,5000,50,50.0,50,0.0,0.004469911975320429,63.27198291796958,21.92735657497542,3.8343886930379085,0.02153702697250992,37.47207148303278,0.012078002968337387,274.2705312772305,8.122500730678439e-05,0.4064856171607971,-9.065975189208984,-3.2131515,-4.070993,-5.4715853,0.34299237,-30.829788,38.943035,29.18563,15.17032,4.9465046,39.12833,29.207073,15.744547,4.93972,39.21516,29.215633,15.911396,4.9618196,0.34553024,0.39253035,0,0.17596143,0.0022674173,-0.114258945,0.03757503,-0.041252878,-0.08820798,-0.14917083,0.021748057,0.95958644,0.91578656,0.86142194,0.019854022
4,0.1558669,0.00018755405,-0.13701771,0.04420128,-60.51122862289304,100,-11.898154287631616,-60.51122862289304,-112.63135635860813,21.902084049539653,-0.20765248375344192,-1.210224572457861,-2.267024740424622,0.43911786916543244,0.0,0.0,0.0,0.0,0.0,0.0,0.0,0.0,0.0,0.0,0.0,0.0,500,25000,50,50.0,50,0.0,0.9984491,-0.006735018,-0.9996612,0.60414696,-59.39181634457219,20,-34.06754240488024,-59.39181634457219,-85.76858129130059,14.10081386764949,-0.6012616785184223,-1.187836326891444,-1.770399737348182,0.28702415005309,0.0,0.0,0.0,0.0,0.0,0.0,0.0,0.0,0.0,0.0,0.0,0.0,120,6000,50,50.0,50,0.0,0.004460552998352796,60.827011274930555,19.07427754602395,3.891060705005657,0.028037643991410732,37.81463533791248,0.014438009005971253,337.86643852695124,0.00010147999273613095,0.3011484444141388,-12.106040000915527,-3.148881,-4.0870895,-5.8477983,0.42784214,-33.321,44.337112,32.11773,14.455369,6.570745,45.03962,32.218338,14.446972,6.5594416,45.243237,32.250126,14.437199,6.432879,0.25102192,0.52895945,0,0.1762429,0.0031558333,-0.21312135,0.056385648,-0.038495798,-0.08275755,-0.1425376,0.020742305,0.96223575,0.9207721,0.86715496,0.019057028
5,0.3718029,-0.004982999,-0.40878156,0.08073921,-59.097827135756376,100,-17.01763181159503,-59.097827135756376,-103.61014818299047,20.875781964865567,-0.23460010649139118,-1.1819565427151275,-2.120742640377894,0.420805713613727,0.0,0.0,0.0,0.0,0.0,0.0,0.0,0.0,0.0,0.0,0.0,0.0,600,30000,50,50.0,50,0.0,0.9993758,0.0024667794,-0.99880105,0.6065037,-57.05455939743545,20,-24.60172827416045,-57.05455939743545,-95.56264107761355,21.498351088326253,-0.3803001631709292,-1.141091187948709,-1.9800054938810112,0.43575617231185226,0.0,0.0,0.0,0.0,0.0,0.0,0.0,0.0,0.0,0.0,0.0,0.0,140,7000,50,50.0,50,0.0,0.004505880991928279,64.4957460348378,21.607975028979126,4.827403825009242,0.029071644006762654,38.018234447808936,0.008466510043945163,405.10334954602877,8.86979978531599e-05,0.22313904762268066,-15.164767265319824,-2.8768587,-4.110113,-6.072505,0.53635585,-35.255127,49.391106,34.267757,7.0105934,9.149991,49.317066,34.470413,7.099199,9.172522,49.49514,34.38336,7.5310917,9.154237,0.35026336,0.30569124,0,0.42273194,0.0038798947,-0.4492671,0.11187657,-0.03140076,-0.09367532,-0.18114604,0.027443469,0.9690871,0.91092044,0.8343135,0.024914779
6,0.83614326,0.004526608,-0.4393245,0.14152965,-57.978821599878145,100,-18.498076398602866,-57.978821599878145,-106.13745974687149,19.875378060648327,-0.12684181875765319,-1.1595764319975628,-2.136969973154327,0.4073650343083719,0.0,0.0,0.0,0.0,0.0,0.0,0.0,0.0,0.0,0.0,0.0,0.0,700,35000,50,50.0,50,0.0,0.9984179,0.014225358,-0.99871,0.6125904,-55.778787714548095,20,-21.605738790562764,-55.778787714548095,-92.00930473408451,21.21660426748987,-0.3672854553686689,-1.1155757542909617,-1.9564185247968102,0.43149948008949507,0.0,0.0,0.0,0.0,0.0,0.0,0.0,0.0,0.0,0.0,0.0,0.0,160,8000,50,50.0,50,0.0,0.004501968971453607,58.50352010538336,20.105101819033735,3.896362286992371,0.03931994497543201,34.43736034142785,0.020709128002636135,466.03874222381273,0.00016461597988381982,0.16549614071846008,-18.1197509765625,-1.8887696,-4.073202,-5.885891,0.6131753,-35.286922,50.206963,34.87401,6.061741,9.991855,49.855,34.805016,5.7580814,9.881849,49.84884,34.646706,5.767416,9.9245825,0.43111232,0.39063284,0,0.6915778,0.026580693,-0.5453933,0.16738999,0.017022809,-0.082022145,-0.16760458,0.03386696,1.0171685,0.9217822,0.84568816,0.03142428
7,0.8964496,-0.019810557,-0.9031636,0.28413478,-53.65488670006844,100,-17.223138572897852,-53.65488670006844,-98.32290779882537,15.977104097595618,-0.2090716623986679,-1.0730977340013685,-2.2798400256060356,0.36745698998462134,0.0,0.0,0.0,0.0,0.0,0.0,0.0,0.0,0.0,0.0,0.0,0.0,800,40000,50,50.0,50,0.0,0.9995519,-0.0025029075,-0.99680686,0.62170666,-54.01916571809149,20,-11.765381513538712,-54.01916571809149,-104.23347664914147,19.959733437132495,-0.15455450622899836,-1.08038331436183,-2.200632845268578,0.44422667690544826,0.0,0.0,0.0,0.0,0.0,0.0,0.0,0.0,0.0,0.0,0.0,0.0,180,9000,50,50.0,50,0.0,0.004466279991902411,68.50669273617677,27.499506035994273,3.894387105014175,0.028084996971301734,37.07144328817958,0.008707532018888742,537.1730654602288,9.749800665304065e-05,0.1232125461101532,-20.26787567138672,-1.2027073,-3.6797433,-5.751431,0.91009265,-34.184727,50.757645,33.87641,-1.1888026,13.603149,50.16281,33.846344,0.007729088,13.308762,50.344093,33.781258,0.030924775,13.340824,0.721629,0.5264753,0,0.88313544,0.027567176,-0.8044106,0.2997526,0.034285057,-0.09285573,-0.3554608,0.054838166,1.0348796,0.9126747,0.7008504,0.0489488
8,0.9940256,-0.010465155,-0.98512036,0.3589546,-51.96496090320169,100,-19.19712988610405,-51.96496090320169,-100.7707957885825,17.532928096894842,-0.06726967340672667,-1.0392992180640337,-2.2651268574909875,0.4113986859264469,0.0,0.0,0.0,0.0,0.0,0.0,0.0,0.0,0.0,0.0,0.0,0.0,900,45000,50,50.0,50,0.0,0.9989924,0.024785161,-0.9996983,0.6442947,-55.77524756650014,20,-24.425869676383456,-55.77524756650014,-95.59922022975162,20.056495266283623,-0.39554114170943794,-1.1155049513300028,-2.131900837897982,0.4456716224288778,0.0,0.0,0.0,0.0,0.0,0.0,0.0,0.0,0.0,0.0,0.0,0.0,200,10000,50,50.0,50,0.0,0.006309880991466343,64.31630857253913,21.163004603993613,5.651454938983079,0.028471917961724102,37.452268210588954,0.014711159048601985,604.2228056885651,8.786097168922424e-05,0.0927407518029213,-20.658039093017578,2.523368,-2.6873403,-5.643938,1.7599502,-32.84328,53.43158,32.49972,-1.9254582,14.280791,53.96361,32.522644,-0.068074666,14.128479,53.304806,32.48578,-0.062152337,14.1152935,0.748038,0.7714589,0,0.9903449,0.09478473,-0.955897,0.4309003,0.14416628,-0.12831257,-0.5744694,0.09854016,1.1550761,0.8836853,0.56300354,0.08206769
9,0.9963491,0.032484047,-0.987638,0.41604105,-54.38161361480165,100,-13.278596558348916,-54.38161361480165,-97.26709255094516,18.54392706921835,-0.07914200854999216,-1.087632272296033,-2.2867990045224436,0.4313919002216424,0.0,0.0,0.0,0.0,0.0,0.0,0.0,0.0,0.0,0.0,0.0,0.0,1000,50000,50,50.0,50,0.0,0.99740493,0.042841543,-0.9994661,0.63271666,-63.49057934963734,20,-30.9498884818663,-63.49057934963734,-107.53278205560895,21.076332346701733,-0.17541669473828775,-1.2698115869927469,-2.192905560196228,0.4471467719545431,0.0,0.0,0.0,0.0,0.0,0.0,0.0,0.0,0.0,0.0,0.0,0.0,220,11000,50,50.0,50,0.0,0.004516915010754019,62.47462401667144,20.452891655964777,3.9178001399850473,0.027724825020413846,38.06285891070729,0.00870515697170049,669.4964997590287,0.00012641301145777106,0.07116860151290894,-18.978870391845703,7.3463564,-1.1816125,-6.106157,2.6600623,-33.426445,55.011253,32.99519,-1.6379098,15.382621,54.402878,33.19378,-0.20600703,15.304606,54.202812,33.118023,-0.20838788,15.296865,0.89603364,0.9377132,0,0.99752676,0.106055915,-0.9740144,0.52922976,0.12873429,-0.1868649,-0.7798345,0.1536368,1.1373879,0.8390185,0.45848188,0.12185026
10,0.99557734,0.026464868,-0.99695504,0.46815574,-50.71666199022808,100,-11.134944173721994,-50.71666199022808,-105.96096256703156,20.66147754204994,-0.06185295187386914,-1.014333239804562,-2.3350342298052267,0.478657820801797,0.0,0.0,0.0,0.0,0.0,0.0,0.0,0.0,0.0,0.0,0.0,0.0,1100,55000,50,50.0,50,0.0,0.99933875,0.07331254,-0.9998383,0.6687368,-50.595298267609266,20,-16.704333924073097,-50.595298267609266,-108.33304018243132,24.563774455522882,-0.06669804470132278,-1.0119059653521856,-2.2600463281274714,0.5372353971441843,0.0,0.0,0.0,0.0,0.0,0.0,0.0,0.0,0.0,0.0,0.0,0.0,240,12000,50,50.0,50,0.0,0.004416971991304308,63.92194375884719,22.68352831399534,3.906337369000539,0.029381320986431092,37.279904051858466,0.018247433006763458,736.1472615490784,0.0001282980083487928,0.055302560329437256,-18.377910614013672,9.868984,-0.3482957,-8.261907,3.19509,-33.3415,57.513477,33.029728,-2.1403878,16.90529,59.01701,33.127808,-0.3923928,16.617922,58.751537,33.01107,-0.40046185,16.565878,1.4080578,1.129761,0,0.994374,0.08482323,-0.9952841,0.58559126,0.39788792,-0.26157084,-0.8599572,0.19959421,1.4886771,0.7850232,0.4231802,0.15326694
11,0.997757,0.08776108,-0.9997284,0.47621492,-49.17084511669266,100,-6.866161860490252,-49.17084511669266,-107.00240967562665,21.98981302194903,-0.0932670640049452,-0.983416902333853,-2.225937587094172,0.506142848687587,0.0,0.0,0.0,0.0,0.0,0.0,0.0,0.0,0.0,0.0,0.0,0.0,1200,60000,50,50.0,50,0.0,0.99965674,0.07322668,-0.99974036,0.6730555,-46.11848746108989,20,-21.034088058728887,-46.11848746108989,-83.38237003468448,18.26074627472666,-0.13091172847390342,-0.9223697492217977,-1.8145330451660837,0.436782148848609,0.0,0.0,0.0,0.0,0.0,0.0,0.0,0.0,0.0,0.0,0.0,0.0,260,13000,50,50.0,50,0.0,0.007165855960920453,67.4126732145669,23.75700710399542,5.729171109967865,0.033719931030645967,37.86903964757221,0.016443921020254493,806.399347729981,0.00012564501957967877,0.0434698648750782,-15.13332748413086,13.017914,1.1738403,-6.467705,3.7551181,-35.59902,58.510933,35.027534,-2.1445417,17.288788,59.679893,35.182213,-0.5907078,16.96286,58.683563,35.174496,-0.60361606,16.939295,1.2493689,1.0696158,0,0.99859613,0.08121318,-0.99876755,0.6497738,0.21649759,-0.300958,-0.9437275,0.2296319,1.2417201,0.75981236,0.3891745,0.17453432
12,0.9994777,0.021586487,-0.99993616,0.49518234,-47.0777129611537,100,-7.841820661496,-47.0777129611537,-101.71213718582801,21.381964126845247,-0.07608514247412076,-0.9415542592230742,-2.108402056652241,0.48957070845957035,0.0,0.0,0.0,0.0,0.0,0.0,0.0,0.0,0.0,0.0,0.0,0.0,1300,65000,50,50.0,50,0.0,0.9993489,-0.04858483,-0.9999231,0.6930873,-53.66933479430738,20,-18.164283332040377,-53.66933479430738,-91.23822342083281,19.756971398417775,0.47335782884749344,-1.0733866958861478,-1.938346884130227,0.4791249638560849,0.0,0.0,0.0,0.0,0.0,0.0,0.0,0.0,0.0,0.0,0.0,0.0,280,14000,50,50.0,50,0.0,0.006902622990310192,61.39450725179631,20.11455791001208,3.952170433010906,0.02869450201978907,37.277691183786374,0.01437592098955065,870.506893979793,0.00011467898730188608,0.03447306156158447,-13.11807632446289,14.193135,2.1045947,-10.154063,4.9484434,-34.806873,60.05921,34.495377,-2.9244862,18.334509,60.33347,34.566452,-0.7808745,18.04366,59.659546,34.414368,-0.7991316,18.000841,1.2849832,1.2973548,0,0.99687344,0.01083146,-0.99952316,0.68548036,0.2995093,-0.25966927,-0.98074853,0.25044236,1.3491966,0.7958242,0.37503028,0.1997185
13,0.99983275,0.097948074,-0.9999459,0.53582144,-48.843063278242795,100,-7.012647714584336,-48.843063278242795,-101.44310664563794,20.321661830049294,1.4905763407998922,-0.9768612655648558,-2.2185159302339224,0.49651362593986426,0.0,0.0,0.0,0.0,0.0,0.0,0.0,0.0,0.0,0.0,0.0,0.0,1400,70000,50,50.0,50,0.0,0.9999853,0.087311216,-0.9999693,0.69778514,-39.82197489000196,20,-9.368718074428939,-39.82197489000196,-109.85397099602913,22.29587080871163,-0.06470140852626059,-0.7964394978000393,-2.2525437163553623,0.4962389002315885,0.0,0.0,0.0,0.0,0.0,0.0,0.0,0.0,0.0,0.0,0.0,0.0,300,15000,50,50.0,50,0.0,0.004646749992389232,61.42018028709572,19.96559964696644,3.898890820972156,0.03169313701801002,37.50117443612544,0.018031763029284775,934.6594106995617,0.00014373299200087786,0.02781051956117153,-9.891563415527344,18.443226,3.2387989,-7.0117693,4.8258934,-34.9566,61.354073,34.576035,-2.9808433,19.03468,61.76418,34.710842,-0.9721579,18.73976,61.648132,34.61204,-0.99732316,18.722828,1.074202,1.0848894,0,0.99994385,0.119598426,-0.9999283,0.6903073,0.30407742,-0.28446662,-0.84703124,0.23914403,1.355374,0.77429456,0.42868572,0.1870544
14,0.9999628,-0.022972606,-0.99997336,0.5968445,-48.39139640128321,100,-7.651576933884217,-48.39139640128321,-110.29430514904391,22.027436076302386,0.4836960986475315,-0.967827928025664,-2.2927684953279095,0.5259891294730358,0.0,0.0,0.0,0.0,0.0,0.0,0.0,0.0,0.0,0.0,0.0,0.0,1500,75000,50,50.0,50,0.0,0.9999719,-0.016982805,-0.99997544,0.70292604,-45.182815158616414,20,-15.877040799963375,-45.182815158616414,-86.08131498868079,18.340651689422714,-0.07555264792102862,-0.9036563031723283,-1.770346683640471,0.46049795487854905,0.0,0.0,0.0,0.0,0.0,0.0,0.0,0.0,0.0,0.0,0.0,0.0,320,16000,50,50.0,50,0.0,0.004485347017180175,66.8426110468572,24.91189890197711,3.8317197079886682,0.028772025019861758,38.05129076889716,0.014347006974276155,1004.3545342311263,9.728898294270039e-05,0.02341265231370926,-6.363076210021973,19.022205,4.305204,-6.377703,4.8300495,-37.681267,62.940105,37.022415,-3.098388,20.196758,62.387512,37.29142,-1.1562562,19.739096,62.631092,37.327927,-1.1827888,19.74098,1.8328438,1.2320168,0,0.9994902,-0.0010627707,-0.9999366,0.7561663,0.2554248,-0.30421504,-0.90340394,0.24805364,1.2910099,0.7609074,0.40518808,0.19204563
15,0.99998605,-0.0050394083,-0.9999831,0.6322432,-44.623024328985714,100,-10.501764218516614,-44.623024328985714,-109.83935471551675,19.696948212140907,-0.06810253054111035,-0.8924604865797144,-2.284853572291309,0.49233238121655165,0.0,0.0,0.0,0.0,0.0,0.0,0.0,0.0,0.0,0.0,0.0,0.0,1600,80000,50,50.0,50,0.0,0.9999894,-0.05354689,-0.99996567,0.7165103,-44.0034832816944,20,-13.776761553373325,-44.0034832816944,-74.25941750455169,15.580399381389013,-0.054922521363832764,-0.880069665633888,-2.011937229999948,0.401849385155871,0.0,0.0,0.0,0.0,0.0,0.0,0.0,0.0,0.0,0.0,0.0,0.0,340,17000,50,50.0,50,0.0,0.004587804025504738,60.782858311838936,19.41849304700736,3.802119225030765,0.037126022041775286,37.50528271775693,0.015075939998496324,1067.8691403478733,0.00017355597810819745,0.021042274311184883,-2.4161436557769775,18.528997,5.374254,-4.723433,4.9742856,-40.218155,68.34843,39.70722,-3.2008739,17.97165,67.8844,39.657608,-1.3352673,17.69261,68.462456,39.77927,-1.3599178,17.775475,1.1968391,1.1207939,0,0.9999927,0.018358381,-0.9997228,0.76083255,0.5209758,-0.31245992,-0.9088132,0.2574881,1.6836698,0.7570524,0.40300223,0.20597523
16,0.9999955,0.028325096,-0.9999746,0.64172953,-49.53369924510207,100,-12.635701716987533,-49.53369924510207,-105.76226741097999,20.01023563773183,-0.04418207799765641,-0.9906739849020414,-2.214154021049101,0.4859589746074847,0.0,0.0,0.0,0.0,0.0,0.0,0.0,0.0,0.0,0.0,0.0,0.0,1700,85000,50,50.0,50,0.0,0.999996,0.06435484,-0.9999889,0.75560224,-48.99672222284297,20,-21.02399582025796,-48.99672222284297,-90.2712200198066,14.402408241560824,-0.04841634561165522,-0.9799344444568594,-1.9531863311815068,0.4227388629962733,0.0,0.0,0.0,0.0,0.0,0.0,0.0,0.0,0.0,0.0,0.0,0.0,360,18000,50,50.0,50,0.0,0.004668401961680502,68.79011728265323,27.798643107002135,4.348606682033278,0.02768620301503688,36.596044707577676,0.014350219047628343,1139.402617014246,0.00011796201579272747,0.021047743037343025,0.01096034049987793,24.909805,6.0028386,-5.1934934,5.9695315,-38.252884,70.21486,37.58786,-3.7933779,21.95587,69.05876,37.964855,-1.505874,21.617735,69.414536,37.968475,-1.5360969,21.641602,1.5926332,1.3993558,0,0.99999833,0.030970516,-0.99992096,0.7733135,0.42732567,-0.32252383,-0.91781116,0.27531415,1.5331519,0.75320816,0.3993923,0.21986657
17,0.9999606,0.0052111153,-0.9999718,0.63169616,-45.12383579480465,100,4.217636621231871,-45.12383579480465,-97.35592317380588,22.884006657268145,0.9894190327591387,-0.9024767158960931,-2.0734380956984197,0.523783426558542,0.0,0.0,0.0,0.0,0.0,0.0,0.0,0.0,0.0,0.0,0.0,0.0,1800,90000,50,50.0,50,0.0,0.999999,0.09662499,-0.99999905,0.6897967,-46.052995404314416,20,-14.176744529228817,-46.052995404314416,-86.72147718007177,18.8208999046673,0.4796323251787106,-0.9210599080862885,-1.962788249766763,0.4784596307046068,0.0,0.0,0.0,0.0,0.0,0.0,0.0,0.0,0.0,0.0,0.0,0.0,380,19000,50,50.0,50,0.0,0.004464813973754644,65.15801744256169,23.617335846996866,4.008790483989287,0.035760344995651394,37.47766647656681,0.013891711016185582,1207.3525812908774,0.00010776502313092351,0.020052609965205193,-0.34902769327163696,22.614882,5.910721,-5.07763,5.779705,-40.354176,68.34569,40.07756,-5.4368496,19.15676,69.65383,40.1159,-4.47893,18.903708,69.64792,40.13275,-1.737556,18.646282,1.1722116,1.6661633,0,0.9999944,0.031863358,-0.9999061,0.7600733,0.5525931,-0.28783366,-1.0439491,0.25912538,1.7377534,0.77609664,0.35206157,0.21042809
18,0.999991,0.020043608,-0.999988,0.63762546,-46.926150536541314,100,-10.016967161404018,-46.926150536541314,-99.39103957577011,19.688126669438866,-0.07276266094766581,-0.9385230107308263,-2.1418412536436278,0.47968337293675467,0.0,0.0,0.0,0.0,0.0,0.0,0.0,0.0,0.0,0.0,0.0,0.0,1900,95000,50,50.0,50,0.0,0.999997,0.005519647,-0.9999981,0.7223615,-46.63925757477561,20,-11.9199135069414,-46.63925757477561,-85.47757573998577,18.34425320603951,-0.10978708825845714,-0.9327851514955123,-2.0865038855825238,0.452067007259613,0.0,0.0,0.0,0.0,0.0,0.0,0.0,0.0,0.0,0.0,0.0,0.0,400,20000,50,50.0,50,0.0,0.004615670011844486,61.09599582309602,20.150000756024383,3.832316360960249,0.03135748003842309,37.06154176808195,0.016028854995965958,1271.171608158911,0.00013493298320099711,0.021468201652169228,2.876845359802246,30.390533,6.748948,-4.9408665,5.8391056,-39.889133,71.97375,39.613636,-9.423682,21.44342,71.289696,39.56286,-8.473286,21.25861,71.356415,39.99039,-2.0383112,20.756353,1.5599002,3.0660758,0,0.9999885,0.1565366,-0.9999994,0.7680322,0.46341616,-0.28331864,-1.0723845,0.26529714,1.5894947,0.7806039,0.3421916,0.21322615
19,0.9999327,-0.032274637,-0.9999998,0.67342496,-45.92395957515683,100,-9.062464374151778,-45.92395957515683,-93.43632521764532,17.403665149361537,0.47100561772737504,-0.9184791915031365,-2.104197100412802,0.4594611766220433,0.0,0.0,0.0,0.0,0.0,0.0,0.0,0.0,0.0,0.0,0.0,0.0,2000,100000,50,50.0,50,0.0,0.9999922,-0.047059577,-0.99999756,0.73824334,-45.187018140792404,20,-13.267553252544968,-45.187018140792404,-90.87369765231449,21.712134698326487,-0.05311478700394528,-0.9037403628158481,-2.2946784055504783,0.5350125861113154,0.0,0.0,0.0,0.0,0.0,0.0,0.0,0.0,0.0,0.0,0.0,0.0,420,21000,50,50.0,50,0.0,0.004546807031147182,64.49756535282359,23.288235676998738,3.8810141760041006,0.032529277028515935,37.27642775379354,0.014703965978696942,1338.428202224779,0.00010769598884508014,0.02280094288289547,0.8243163228034973,19.683641,6.2180176,-5.534608,5.40172,-41.825436,86.39781,41.07506,-12.012855,23.774954,87.866714,41.38315,-11.10043,23.554567,87.94626,41.89779,-2.3545926,22.722633,1.3960643,5.2566833,0,0.9994577,0.088313825,-0.9999951,0.79575527,0.3262788,-0.31511486,-1.158983,0.21606427,1.3858017,0.74669725,0.31380516,0.15963371
20,0.9999925,-0.05615654,-0.999999,0.68756497,-45.86589617453102,100,-12.91249466176349,-45.86589617453102,-105.92713316485639,17.656847556499876,0.4710476236569304,-0.9173179234906206,-2.3108770216570544,0.48139756780484666,0.0,0.0,0.0,0.0,0.0,0.0,0.0,0.0,0.0,0.0,0.0,0.0,2100,105000,50,50.0,50,0.0,0.9999825,-0.017420663,-0.99999845,0.7513631,-48.94185566119874,20,-19.870077234568384,-48.94185566119874,-68.34573031431914,11.323279789776887,-0.07125383398654515,-0.9788371132239747,-1.9768274171434626,0.41389287195723007,0.0,0.0,0.0,0.0,0.0,0.0,0.0,0.0,0.0,0.0,0.0,0.0,440,22000,50,50.0,50,0.0,0.004423608013894409,65.82202033966314,23.355911743012257,5.067019707988948,0.028237809019628912,37.35211650363635,0.01422715897206217,1406.989013027749,8.380901999771595e-05,0.02241051197052002,-3.471165657043457,21.646364,5.086108,-5.904653,5.3766117,-46.686623,79.43092,45.859245,-17.318495,20.230537,77.672066,45.96244,-16.288525,19.962267,77.6786,46.611485,-2.658591,19.294542,1.0691777,4.3151436,0,0.99996936,-0.014208932,-0.9998665,0.77528363,0.28765512,-0.32177722,-1.0913506,0.23785156,1.3332974,0.74525195,0.3357627,0.1741564
21,0.99999124,0.0279346,-0.9999976,0.6666552,-43.08628272870076,100,-10.360852686898655,-43.08628272870076,-84.82891429992334,16.68790358346275,0.48241208570726746,-0.8617256545740154,-2.1864165666338824,0.4394035155030166,0.0,0.0,0.0,0.0,0.0,0.0,0.0,0.0,0.0,0.0,0.0,0.0,2200,110000,50,50.0,50,0.0,0.999984,0.04302777,-1.0,0.7500023,-39.82704469409421,20,-15.378628279991837,-39.82704469409421,-62.12519874376576,13.227091154938082,-0.05471947166217646,-0.7965408938818842,-2.070948544478519,0.4189293705749129,0.0,0.0,0.0,0.0,0.0,0.0,0.0,0.0,0.0,0.0,0.0,0.0,460,23000,50,50.0,50,0.0,0.006478478026110679,70.10038604598958,26.78172570100287,5.682270729972515,0.030857417033985257,37.58397610398242,0.014959444990381598,1479.8735777038964,0.00011817098129540682,0.022507864981889725,-2.6889407634735107,25.25298,5.2912445,-4.7094126,5.64897,-40.980633,72.29159,40.728172,-19.441038,20.9864,72.83567,40.660942,-19.940826,20.766794,73.7663,41.058662,-2.9563353,19.751125,1.4129443,6.141359,0,0.99969476,-0.0072713173,-0.99999326,0.7678614,0.46070206,-0.29494017,-0.9743302,0.24702512,1.5851865,0.76789826,0.37744507,0.1952271
22,0.9999806,0.02998271,-0.99999994,0.6757764,-40.06105051369088,100,-6.651305859353654,-40.06105051369088,-74.13697136263387,15.445298487135727,-0.0616262358216344,-0.8012210102738178,-2.118466476447654,0.42722860125146556,0.0,0.0,0.0,0.0,0.0,0.0,0.0,0.0,0.0,0.0,0.0,0.0,2300,115000,50,50.0,50,0.0,0.9999756,-0.010808361,-0.9999993,0.74739134,-38.52044833537725,20,-8.852188282234406,-38.52044833537725,-84.90936226895637,16.83199107000645,-0.031563886746193606,-0.7704089667075452,-2.221133280790415,0.464113040044299,0.0,0.0,0.0,0.0,0.0,0.0,0.0,0.0,0.0,0.0,0.0,0.0,480,24000,50,50.0,50,0.0,0.004571950004901737,61.45602081163088,21.095372329000384,3.8251428930088878,0.0295543180545792,36.48680295655504,0.014454561984166503,1543.9469339447678,0.00012180302292108536,0.021328702569007874,2.4293439388275146,22.733707,6.6313753,-5.523887,5.755186,-43.62578,77.73026,43.566795,-21.886658,22.218805,76.78266,43.274014,-20.95171,21.938135,76.13051,43.72,-3.2384155,20.86161,1.6451163,8.663686,0,0.9999155,-0.10247951,-0.99998707,0.7818668,0.45444223,-0.3263145,-1.018239,0.25703064,1.5752945,0.7464039,0.3612305,0.20159915
23,0.9999454,-0.10917225,-0.99999994,0.64650464,-45.670328087825716,100,-7.11241015847822,-45.670328087825716,-80.7155679120411,16.873732440683362,-0.06580748612210616,-0.9134065617565144,-2.0166218352037077,0.43824500755445306,0.0,0.0,0.0,0.0,0.0,0.0,0.0,0.0,0.0,0.0,0.0,0.0,2400,120000,50,50.0,50,0.0,0.9999853,-0.06612437,-1.0,0.716069,-43.19840106983202,20,-13.107740101772407,-43.19840106983202,-89.54329609204005,20.660505798956372,-0.04906101470606943,-0.8639680213966403,-1.8870796309553806,0.48869239184298496,0.0,0.0,0.0,0.0,0.0,0.0,0.0,0.0,0.0,0.0,0.0,0.0,500,25000,50,50.0,50,0.0,0.004638159996829927,60.9250318313716,20.18660464300774,3.844715354964137,0.033016700006555766,36.842045136436354,0.013899323006626219,1607.6130383088603,0.00011251395335420966,0.022241052240133286,-2.7873826026916504,18.1637,5.267599,-6.885277,5.393915,-42.39289,72.43782,42.074417,-24.959318,19.474852,72.23122,41.94554,-23.906446,19.334587,72.23866,42.524933,-3.5057554,18.265837,1.3864981,6.849056,0,0.99970925,-0.15064974,-0.9999924,0.75462174,0.40271348,-0.31883156,-1.0762906,0.24224311,1.4958782,0.7486918,0.34085757,0.18443768
24,0.99997294,-0.12342529,-0.99999976,0.65322214,-40.63364649955298,100,-5.559387643697033,-40.63364649955298,-90.21622944177209,17.81473939918292,-0.0684733223732813,-0.8126729299910596,-2.128065171272884,0.44987333360679166,0.0,0.0,0.0,0.0,0.0,0.0,0.0,0.0,0.0,0.0,0.0,0.0,2500,125000,50,50.0,50,0.0,0.9999647,-0.08174025,-0.99998647,0.7298956,-39.96229038234701,20,-10.115518017640854,-39.96229038234701,-62.32350223743329,16.359262848735256,-0.07309903676263173,-0.7992458076469402,-1.9704953504181288,0.453250550635323,0.0,0.0,0.0,0.0,0.0,0.0,0.0,0.0,0.0,0.0,0.0,0.0,520,26000,50,50.0,50,0.0,0.006601187982596457,66.4447317753802,23.408620543021243,5.591102848993614,0.02640992298256606,37.39833261538297,0.013563107990194112,1676.8017139661824,0.00010154902702197433,0.021524587646126747,-1.6824418306350708,25.504988,5.5616994,-7.8925924,5.5411086,-45.667915,93.06516,45.311676,-23.945215,22.126894,93.65109,45.21043,-22.795206,22.102583,94.496826,45.75859,-3.771499,21.013914,1.0786037,8.353172,0,0.9998687,-0.12752658,-0.9999999,0.7701625,0.58082354,-0.3327411,-1.6074125,0.27541608,1.7875099,0.7444785,0.20040551,0.20789903
25,0.99999493,0.0020133562,-0.99999917,0.6901423,-45.95318302505335,100,-10.07789618008917,-45.95318302505335,-91.77969730322256,17.883597614101227,-0.0520178502864051,-0.919063660501067,-2.309663357138415,0.4772823910691585,0.0,0.0,0.0,0.0,0.0,0.0,0.0,0.0,0.0,0.0,0.0,0.0,2600,130000,50,50.0,50,0.0,0.9999997,0.06876959,-0.9999892,0.73727375,-44.79863686914901,20,-14.202671931331842,-44.79863686914901,-83.36003088458442,17.55124095660973,-0.07420277323297052,-0.8959727373829802,-2.2627241309302533,0.44379312753822703,0.0,0.0,0.0,0.0,0.0,0.0,0.0,0.0,0.0,0.0,0.0,0.0,540,27000,50,50.0,50,0.0,0.004547226999420673,60.96615108882543,19.170524007000495,3.90980743302498,0.027513275970704854,37.839595052821096,0.014054232044145465,1740.5816878192709,0.00010986096458509564,0.0215408056974411,3.9870669841766357,29.326525,7.0388923,-3.9507332,5.9996395,-40.728436,82.33522,40.175804,-29.67111,22.708963,82.592964,40.33396,-29.08618,22.653646,82.28326,41.019863,-4.0300217,21.454594,1.3609519,9.999676,0,0.9999177,-0.07555223,-0.9999995,0.7952582,0.36252752,-0.3542173,-1.2497928,0.26583016,1.4369568,0.72691804,0.28656417,0.19543874
26,0.9999808,-0.055833157,-1.0,0.67164433,-41.85197450050938,100,-6.566473236082361,-41.85197450050938,-86.61880371144336,16.93755633613175,-0.0403317917859871,-0.8370394900101877,-2.2515613140767767,0.4536295691224291,0.0,0.0,0.0,0.0,0.0,0.0,0.0,0.0,0.0,0.0,0.0,0.0,2700,135000,50,50.0,50,0.0,0.9999784,-0.02919882,-1.0,0.7553752,-43.20218446260336,20,-13.323148018540255,-43.20218446260336,-82.08684145124553,18.51057506850838,-0.043704181404360935,-0.8640436892520672,-2.1501616323390937,0.47430108701536716,0.0,0.0,0.0,0.0,0.0,0.0,0.0,0.0,0.0,0.0,0.0,0.0,560,28000,50,50.0,50,0.0,0.0046957790036685765,60.620673552621156,19.86848058999749,3.8707349360338412,0.027830843988340348,36.834572175575886,0.014253279019612819,1803.8961865578312,0.00010594900231808424,0.022787073627114296,-1.1182053089141846,17.747164,5.704301,-7.6932116,5.06882,-43.73874,92.60173,43.503822,-20.246206,21.835459,92.90721,43.588966,-19.201433,21.866634,93.07117,43.600227,-4.2866645,21.135866,1.1973802,4.3600225,0,0.99963,-0.07342728,-0.9999966,0.77644867,0.39073285,-0.34447527,-1.5727625,0.26077127,1.4780636,0.7329381,0.20747125,0.19267383
27,0.9999956,-0.06132414,-0.99999964,0.6645853,-42.53707525410842,100,-8.368208824932072,-42.53707525410842,-82.45346441772752,16.343310383214824,-0.09498772855082271,-0.8507415050821684,-2.1803020355182485,0.4528127457456932,0.0,0.0,0.0,0.0,0.0,0.0,0.0,0.0,0.0,0.0,0.0,0.0,2800,140000,50,50.0,50,0.0,0.9999973,-0.095825136,-0.9999993,0.7445263,-53.12329993499499,20,-12.44960763467664,-53.12329993499499,-101.92590812255608,24.195350555048623,-0.16620049505432405,-1.0624659986998997,-2.197605067650019,0.5552262316480207,0.0,0.0,0.0,0.0,0.0,0.0,0.0,0.0,0.0,0.0,0.0,0.0,580,29000,50,50.0,50,0.0,0.006934191973414272,65.66527191764908,23.16877138998825,6.181326457008254,0.029838082962669432,36.26338850375032,0.014905386953614652,1872.2396362138097,0.0001079050125554204,0.022665247321128845,-0.6024466753005981,23.416115,5.840914,-5.448144,5.547738,-45.75875,90.4078,45.244015,-20.509642,21.74905,90.683525,45.241165,-18.827372,21.626356,89.952705,45.84752,-4.545808,21.143892,1.6773425,3.9614277,0,0.99983084,-0.13959768,-0.9999632,0.7749139,0.2518247,-0.35678425,-1.5410379,0.24502587,1.2863705,0.7212114,0.21415871,0.17837813
28,0.9999811,-0.066678606,-1.0,0.66824865,-41.57105851107414,100,-12.181667055292024,-41.57105851107414,-100.2578122247811,16.898873600503318,0.47114873107257155,-0.8314211702214831,-2.1649672973697167,0.46445437251122496,0.0,0.0,0.0,0.0,0.0,0.0,0.0,0.0,0.0,0.0,0.0,0.0,2900,145000,50,50.0,50,0.0,0.99990183,-0.14523977,-1.0,0.7258518,-43.6272728717607,20,-18.17061651010497,-43.6272728717607,-81.28094847577746,19.56046360747123,-0.06587192687259368,-0.8725454574352141,-2.1624065048215235,0.4743747739580304,0.0,0.0,0.0,0.0,0.0,0.0,0.0,0.0,0.0,0.0,0.0,0.0,600,30000,50,50.0,50,0.0,0.004604636051226407,63.77521118579898,23.052026022982318,3.8283778720069677,0.028608318010810763,36.84463093680097,0.016860733972862363,1938.697673820192,0.00010266597382724285,0.023156670853495598,2.937483549118042,28.097914,6.78011,-5.8003807,5.803542,-46.253372,90.34733,45.78177,-19.263512,22.607115,89.457756,45.929188,-19.662256,22.483274,89.488594,46.21643,-4.8082476,21.456059,1.7759719,5.405917,0,0.9999347,-0.05471015,-0.99995726,0.7903201,0.27097276,-0.3699067,-1.4722359,0.24477209,1.3112394,0.7113611,0.22941196,0.1718912
29,0.99998415,-0.13621199,-0.99999875,0.6557945,-41.536163133120745,100,-8.35969719885793,-41.536163133120745,-101.02581265912292,17.585721054768374,-0.040697998076008594,-0.8307232626624149,-2.331728215052301,0.47232829622295597,0.0,0.0,0.0,0.0,0.0,0.0,0.0,0.0,0.0,0.0,0.0,0.0,3000,150000,50,50.0,50,0.0,0.9999642,-0.09951016,-1.0,0.73438376,-43.107949214229976,20,-10.500154781029893,-43.107949214229976,-96.58885580979306,20.31969485859393,-0.05940369114416283,-0.8621589842845994,-2.040355484499519,0.4926846576531833,0.0,0.0,0.0,0.0,0.0,0.0,0.0,0.0,0.0,0.0,0.0,0.0,620,31000,50,50.0,50,0.0,0.004537030006758869,60.692762011662126,20.277270924008917,3.8992098559974693,0.027880572015419602,36.46978097263491,0.013984740013256669,2002.1261415028712,9.791698539629579e-05,0.023137344047427177,-1.792945384979248,20.921677,5.5239515,-4.151286,5.4169197,-43.202694,87.83027,42.708,-39.605698,22.164927,87.8098,42.759132,-38.6473,22.2451,87.83258,43.643173,-5.069516,20.354614,1.120219,16.320427,0,0.9999444,-0.116767496,-0.9999955,0.7649076,0.48463994,-0.32369432,-1.2455547,0.2873254,1.6235904,0.753537,0.28778124,0.21532792
30,0.99998,-0.09938475,-0.9999996,0.6811218,-44.31565876951031,100,-6.02382675146591,-44.31565876951031,-109.81088195404331,19.223021293618363,-0.03882135951322067,-0.8863131753902064,-2.348418709109931,0.4744191561911296,0.0,0.0,0.0,0.0,0.0,0.0,0.0,0.0,0.0,0.0,0.0,0.0,3100,155000,50,50.0,50,0.0,0.9999558,-0.048294265,-1.0,0.726998,-43.10430572398736,20,-8.621469798976184,-43.10430572398736,-84.69826008570955,19.6845807681763,0.47745829551954483,-0.8620861144797473,-1.9982701403583272,0.485550263005394,0.0,0.0,0.0,0.0,0.0,0.0,0.0,0.0,0.0,0.0,0.0,0.0,640,32000,50,50.0,50,0.0,0.006819024041760713,70.58875931322109,26.70220609003445,5.683017753006425,0.02833516796818003,38.15356354112737,0.01470340701052919,2075.5708131012507,0.00011433003237470984,0.022561388090252876,-1.880107045173645,17.491558,5.5041275,-4.7625966,4.457006,-46.016212,101.10677,45.702454,-29.051659,21.037842,97.14183,45.581863,-27.837141,20.856365,97.3966,45.87783,-5.322465,19.915108,1.4899807,7.157442,0,0.99950504,-0.12903206,-0.9998317,0.7590322,0.47179896,-0.30901092,-1.2320238,0.28705156,1.6028751,0.7652345,0.2917016,0.2254033
31,0.9999551,-0.11311206,-0.9999988,0.69041544,-43.19868550486436,100,-10.260985589721981,-43.19868550486436,-97.33309486594955,16.335530758439425,-0.04338305268876812,-0.8639737100972871,-2.0719447830367965,0.43446688391355254,0.0,0.0,0.0,0.0,0.0,0.0,0.0,0.0,0.0,0.0,0.0,0.0,3200,160000,50,50.0,50,0.0,0.9999807,-0.13202736,-0.9999979,0.7417391,-40.253662319566025,20,-11.715102064667336,-40.253662319566025,-73.0733416943847,17.874546956437335,-0.12013392467963051,-0.8050732463913206,-1.9928310968661715,0.4599768394906645,0.0,0.0,0.0,0.0,0.0,0.0,0.0,0.0,0.0,0.0,0.0,0.0,660,33000,50,50.0,50,0.0,0.004633200995158404,63.69973901310004,22.81365296599688,3.8940178549964912,0.027841250994242728,36.9453287270735,0.014167584013193846,2141.9930129888817,9.742903057485819e-05,0.024239040911197662,1.186514139175415,26.817556,6.3189735,-4.357113,4.9755297,-42.415836,85.35579,42.274757,-41.89332,22.40043,82.52315,42.269848,-41.08479,22.291346,83.69345,42.849995,-5.5787554,19.576271,1.2864369,21.435955,0,0.9999491,-0.12696858,-0.99994826,0.77366865,0.58136404,-0.3400905,-1.5041134,0.2595114,1.7884763,0.73656875,0.2222142,0.20021702
32,0.99998134,-0.07544965,-0.99999785,0.68894655,-44.604761877661396,100,-13.931212805424414,-44.604761877661396,-93.58678392449922,18.500267455353427,0.4808223250307598,-0.8920952375532278,-2.299488342356647,0.4732246694229266,0.0,0.0,0.0,0.0,0.0,0.0,0.0,0.0,0.0,0.0,0.0,0.0,3300,165000,50,50.0,50,0.0,0.99998546,-0.08183429,-0.99997675,0.7437253,-41.78374442466748,20,-17.607700002543353,-41.78374442466748,-73.20939938491082,13.407866215152401,-0.04823108574989772,-0.8356748884933497,-2.0463854387783718,0.4188479986870847,0.0,0.0,0.0,0.0,0.0,0.0,0.0,0.0,0.0,0.0,0.0,0.0,680,34000,50,50.0,50,0.0,0.008682318963110447,62.70816797093721,19.633063006040175,5.346715619030874,0.02761335897957906,37.67761661799159,0.014375011960510164,2207.4293042228674,0.00010203797137364745,0.02308897115290165,-1.2839727401733398,25.380152,5.659279,-7.584317,5.6932077,-46.314148,87.23456,46.0366,-32.36776,21.520563,87.24124,46.08754,-31.300644,21.650934,87.09818,46.28574,-5.836448,20.66043,1.6525483,7.47584,0,0.9999605,-0.05962337,-0.9999985,0.7853349,0.43405524,-0.3025596,-1.2933457,0.26093462,1.5435041,0.76450473,0.27435136,0.20199157
33,0.9999503,-0.005007004,-0.9999903,0.7028443,-42.51685058749029,100,-10.219843401787912,-42.51685058749029,-95.66316301667811,17.186633289658886,-0.05488819081350437,-0.8503370117498059,-2.3725656740930647,0.4554429870662599,0.0,0.0,0.0,0.0,0.0,0.0,0.0,0.0,0.0,0.0,0.0,0.0,3400,170000,50,50.0,50,0.0,0.9999951,-0.0028975564,-0.99999756,0.75634134,-38.6268652592136,20,-17.178130638309327,-38.6268652592136,-77.80128223996421,13.574513589885516,-0.10705845990938422,-0.7725373051842722,-2.078847397367742,0.41201268941322583,0.0,0.0,0.0,0.0,0.0,0.0,0.0,0.0,0.0,0.0,0.0,0.0,700,35000,50,50.0,50,0.0,0.006533792009577155,71.3217923657503,27.904153804003727,5.597824863973074,0.029558437992818654,37.76904837181792,0.014561628981027752,2281.5117176137865,0.00011146697215735912,0.023205172270536423,-1.3474737405776978,17.56224,5.641951,-7.947398,5.161097,-47.974003,93.72776,47.58963,-35.74354,21.942064,92.92107,47.60865,-36.736843,21.976799,91.52795,48.33887,-6.0905194,20.023039,1.7529004,15.191329,0,0.9999458,-0.021275386,-0.99996954,0.7794918,0.29817128,-0.32078156,-1.2646363,0.23447965,1.3473926,0.74550986,0.28234196,0.17330529
34,0.999992,-0.032066554,-0.99999994,0.6967339,-45.474104510410186,100,-10.902155491710479,-45.474104510410186,-81.79764251555531,17.642510459391946,0.4757213599593874,-0.9094820902082036,-2.227099194929933,0.4573380648456183,0.0,0.0,0.0,0.0,0.0,0.0,0.0,0.0,0.0,0.0,0.0,0.0,3500,175000,50,50.0,50,0.0,0.99999905,-0.07346054,-0.9999971,0.734675,-39.584767292897915,20,-14.80737888126639,-39.584767292897915,-70.90591309201903,16.05785545141096,-0.1037621865456791,-0.7916953458579585,-1.9603087458419644,0.42364836275378154,0.0,0.0,0.0,0.0,0.0,0.0,0.0,0.0,0.0,0.0,0.0,0.0,720,36000,50,50.0,50,0.0,0.006446419982239604,68.41139174276032,24.764796671981458,5.698120929999277,0.027683408989105374,37.89835568476701,0.015860747022088617,2352.681976051652,0.00012788001913577318,0.022786302492022514,3.1945087909698486,23.040693,6.8447514,-4.494135,5.56027,-45.390797,100.730316,45.085762,-37.630108,19.822817,102.04072,45.43351,-34.762714,19.600914,100.64763,45.253326,-6.330844,18.73204,2.116417,9.44795,0,0.99995154,-0.04325524,-0.9998101,0.78485245,0.3477738,-0.3266132,-1.0837808,0.2573715,1.4159119,0.74565727,0.33831403,0.19371967
35,0.9999612,0.008735471,-0.99999994,0.68869483,-42.893134564372716,100,-16.044962063698264,-42.893134564372716,-81.35346482440303,14.882427595944382,-0.04749514217759998,-0.8578626912874544,-2.2542156845681283,0.4355962463796101,0.0,0.0,0.0,0.0,0.0,0.0,0.0,0.0,0.0,0.0,0.0,0.0,3600,180000,50,50.0,50,0.0,0.9999297,-0.043337993,-0.99999964,0.7592606,-36.9265083786062,20,-6.0567295367154115,-36.9265083786062,-64.43862449171196,14.773625392678863,0.4783058960700782,-0.7385301675721241,-1.8048780768053723,0.39774782550691157,0.0,0.0,0.0,0.0,0.0,0.0,0.0,0.0,0.0,0.0,0.0,0.0,740,37000,50,50.0,50,0.0,0.0047004580264911056,66.0791419497109,24.328720605000854,3.8671104519744404,0.01874498202232644,37.847721240716055,0.012036795960739255,2421.541023972328,0.00010741600999608636,0.021769346669316292,0.4577798545360565,23.580185,6.119611,-6.2601852,5.2638807,-44.057693,96.183105,43.428284,-24.737415,23.638058,96.18463,43.581726,-23.882946,23.233583,96.54747,44.195877,-6.575081,22.279472,2.4278197,8.397348,0,0.99949855,-0.019909564,-0.99997956,0.7867599,0.2947088,-0.3347971,-1.1878191,0.25210726,1.3427353,0.7381146,0.30488545,0.18299626
36,0.99993515,-0.053362723,-0.9999996,0.7059045,-44.36805275692405,100,-13.749541772232366,-44.36805275692405,-98.4097102421862,18.33309672806912,-0.06769353544977945,-0.8873610551384811,-2.2048540509768184,0.47192209305005833,0.0,0.0,0.0,0.0,0.0,0.0,0.0,0.0,0.0,0.0,0.0,0.0,3700,185000,50,50.0,50,0.0,0.9999851,-0.00096754264,-0.9999998,0.7574406,-42.844774957408134,20,-16.858488340989062,-42.844774957408134,-75.38147656032011,17.412416266098855,-0.0907516135320575,-0.8568954991481628,-2.020455546104004,0.45920791352744045,0.0,0.0,0.0,0.0,0.0,0.0,0.0,0.0,0.0,0.0,0.0,0.0,760,38000,50,50.0,50,0.0,0.004663372994400561,59.544558684923686,18.947840443986934,4.047479553963058,0.042937375023029745,36.4823164169793,0.019166334997862577,2483.847962087253,0.00015518697910010815,0.022732088342308998,-0.6293655633926392,19.57026,5.8336763,-6.450981,5.718824,-43.534584,94.557846,43.320717,-51.85706,22.720882,93.95318,43.361782,-50.663044,22.675928,95.366425,44.191113,-6.814542,19.762045,1.3550637,38.5596,0,0.99976665,-0.03195486,-0.99994344,0.7843382,0.29989797,-0.3202497,-1.3141845,0.24996294,1.3497211,0.7489173,0.26869333,0.18868063
37,0.99999857,-0.0653308,-0.99999934,0.6946487,-43.41423484596528,100,-14.951763988728178,-43.41423484596528,-70.78638227570075,13.534028902315216,-0.054942182039290605,-0.8682846969193059,-2.227616632740785,0.4058850943791981,0.0,0.0,0.0,0.0,0.0,0.0,0.0,0.0,0.0,0.0,0.0,0.0,3800,190000,50,50.0,50,0.0,0.9999875,-0.035549212,-0.99999976,0.7445881,-42.24631718305368,20,-15.471412100887017,-42.24631718305368,-76.11034884578069,16.48224911630456,-0.18550048629004792,-0.8449263436610733,-2.0523477558221113,0.4559295029965453,0.0,0.0,0.0,0.0,0.0,0.0,0.0,0.0,0.0,0.0,0.0,0.0,780,39000,50,50.0,50,0.0,0.004479201044887304,66.44753894634778,24.59443715400994,3.9263161669950932,0.03339209599653259,37.876851411303505,0.01190975500503555,2553.1224833794404,0.00015316199278458953,0.02325127087533474,-2.514493703842163,26.190994,5.3314996,-5.256899,4.915254,-43.544308,92.1248,43.45842,-42.15104,23.093987,91.780556,43.350143,-39.09019,22.864645,91.45171,44.166565,-7.0602365,20.523476,1.8100232,25.848013,0,0.99966127,-0.0730094,-0.9999985,0.7637383,0.2737534,-0.29855686,-0.99334633,0.2220989,1.3148905,0.760318,0.37033534,0.16912758
38,0.9998395,-0.028959857,-0.9999981,0.692041,-41.89046224694256,100,-8.671363612990941,-41.89046224694256,-82.34401028801351,17.577511421404072,-0.07736109909203276,-0.8378092449388512,-2.1665331610883536,0.45517348428258314,0.0,0.0,0.0,0.0,0.0,0.0,0.0,0.0,0.0,0.0,0.0,0.0,3900,195000,50,50.0,50,0.0,0.99996746,0.008183619,-0.9999986,0.76705664,-44.666116198181435,20,-13.767314041026516,-44.666116198181435,-76.27436639065347,16.38465109803711,-0.03996513386370658,-0.8933223239636288,-2.0213572324992994,0.47660551192979556,0.0,0.0,0.0,0.0,0.0,0.0,0.0,0.0,0.0,0.0,0.0,0.0,800,40000,50,50.0,50,0.0,0.0045991879887878895,62.16367835580604,20.83940590301063,3.91234819003148,0.03128687001299113,37.36062933172798,0.015304321015719324,2618.044952422264,0.00010455201845616102,0.0223354771733284,3.2123422622680664,24.63144,6.845002,-4.0168624,5.539994,-47.62504,96.59735,47.03894,-25.317661,23.192968,98.17533,47.37674,-22.39432,22.898937,97.89153,47.79491,-7.300913,21.99136,2.653575,8.2688,0,0.9997415,0.036012582,-0.99999696,0.7923058,0.31538826,-0.32681602,-1.3987539,0.24258125,1.3707914,0.74241775,0.24690445,0.17897576
39,0.9999647,-0.0350113,-0.9999921,0.68273,-43.88778933750498,100,-7.51094849832008,-43.88778933750498,-89.8948374975201,17.539210227357994,-0.04324986929577444,-0.8777557867500992,-2.347889662616952,0.4686265960210289,0.0,0.0,0.0,0.0,0.0,0.0,0.0,0.0,0.0,0.0,0.0,0.0,4000,200000,50,50.0,50,0.0,0.9999859,0.04820995,-0.99999774,0.74478775,-44.61608265943064,20,-11.8808816043382,-44.61608265943064,-82.21841557192919,20.288177160921,-0.09149672762435175,-0.8923216531886128,-1.7945446934794116,0.4761485615638716,0.0,0.0,0.0,0.0,0.0,0.0,0.0,0.0,0.0,0.0,0.0,0.0,820,41000,50,50.0,50,0.0,0.006954796030186117,69.57977471349295,25.930273547011893,5.675861885014456,0.028335518029052764,37.928799638466444,0.009423055977094918,2690.4483826750075,0.00012627296382561326,0.022391466423869133,-1.0974018573760986,20.115017,5.7111397,-4.2549486,4.7672873,-46.10884,106.48122,45.576363,-39.578358,24.681807,107.18613,45.869583,-37.332596,24.696026,106.214294,46.340656,-7.5403624,23.497686,2.0392766,12.624914,0,0.9995965,-0.052752957,-0.9996206,0.7810778,0.49337912,-0.33825245,-1.0650065,0.25648075,1.6378413,0.7368825,0.3447256,0.19190179
40,0.9999708,-0.11969829,-0.9999971,0.69603956,-45.84085946194211,100,-11.462280929824795,-45.84085946194211,-92.99292353282387,15.053144998128762,-0.04647304452817308,-0.9168171892388421,-2.177840210722922,0.44784214613491014,0.0,0.0,0.0,0.0,0.0,0.0,0.0,0.0,0.0,0.0,0.0,0.0,4100,205000,50,50.0,50,0.0,0.9999616,-0.17639482,-0.99999875,0.73462826,-48.531975224968946,20,-21.22350916395103,-48.531975224968946,-74.63043004647288,16.536533591062092,-0.04492626151801216,-0.970639504499379,-2.0674618331470715,0.44068432935301366,0.0,0.0,0.0,0.0,0.0,0.0,0.0,0.0,0.0,0.0,0.0,0.0,840,42000,50,50.0,50,0.0,0.006549715995788574,64.7233648042893,21.229418848000932,5.6051915130228736,0.04532685497542843,37.821759049315006,0.014912301965523511,2758.0296787932166,0.00020652101375162601,0.022239340469241142,-1.5810298919677734,20.524794,5.5845838,-5.916503,5.397074,-45.047077,91.12659,44.92219,-34.05305,25.185339,90.68089,44.77442,-32.908257,24.989399,91.18925,45.6756,-7.778756,22.733383,1.6591592,19.332731,0,0.99965465,-0.07908092,-0.9999886,0.77881145,0.39761466,-0.3343134,-1.0116309,0.22702755,1.4882704,0.73468655,0.36362547,0.1716859
41,0.999999,-0.07811244,-0.9999944,0.70781857,-44.1184207843894,100,-11.051242273415761,-44.1184207843894,-82.29122933793637,15.053646459893226,-0.06626963689652188,-0.882368415687788,-2.120414778362071,0.4307540393575706,0.0,0.0,0.0,0.0,0.0,0.0,0.0,0.0,0.0,0.0,0.0,0.0,4200,210000,50,50.0,50,0.0,0.99999934,-0.056571238,-0.9999997,0.7731665,-43.62803303549436,20,-16.098815122585084,-43.62803303549436,-77.08294905066526,16.769042427069042,-0.14937289289544295,-0.8725606607098871,-2.0306965951789278,0.44944127836718356,0.0,0.0,0.0,0.0,0.0,0.0,0.0,0.0,0.0,0.0,0.0,0.0,860,43000,50,50.0,50,0.0,0.004475918016396463,60.616937807237264,19.351463432016317,3.9238254870288074,0.028089675994124264,37.29455742519349,0.014412446995265782,2821.3324780694675,0.00011342199286445975,0.02252986654639244,1.9272024631500244,25.370327,6.508106,-5.9223137,5.144915,-45.88657,96.01395,45.621628,-12.028844,22.263388,95.04094,45.573162,-17.140593,22.345861,94.924034,45.94246,-8.020059,22.075645,1.8001124,1.932944,0,0.99982065,-0.038427625,-0.9999981,0.79533833,0.28595436,-0.36872742,-1.0369422,0.2245897,1.3310317,0.7093229,0.35453713,0.16167462
42,0.9999982,-0.03033146,-0.9999981,0.66145515,-41.48776909406577,100,-13.209579438085933,-41.48776909406577,-91.64317342899265,16.311591757890778,-0.06014333513976802,-0.8297553818813154,-2.1758456145367644,0.44650993262891514,0.0,0.0,0.0,0.0,0.0,0.0,0.0,0.0,0.0,0.0,0.0,0.0,4300,215000,50,50.0,50,0.0,0.9999848,-0.018948296,-0.9999991,0.7453863,-36.283503607979746,20,-14.886331822347413,-36.283503607979746,-54.358264735175695,12.824589057341827,-0.09775823141117046,-0.725670072159595,-2.056162507082583,0.34367280457149846,0.0,0.0,0.0,0.0,0.0,0.0,0.0,0.0,0.0,0.0,0.0,0.0,880,44000,50,50.0,50,0.0,0.004602192027959973,64.21189227362629,22.562648413993884,3.8495682770153508,0.030190502002369612,37.74920079758158,0.015525717055425048,2888.3026297750766,0.00015637394972145557,0.022091493010520935,-0.05911727249622345,19.899612,5.984494,-5.475403,5.830753,-48.23975,106.94091,48.26384,-16.71258,22.715355,109.04483,47.73039,-17.523174,22.61427,109.16611,48.21784,-8.2548485,22.371983,2.1311095,2.2350159,0,0.99999714,-0.03972159,-0.99980766,0.78832746,0.4754389,-0.354992,-1.0684831,0.21892394,1.6087201,0.718499,0.34352922,0.16373721
43,0.9999931,0.031390566,-0.99999136,0.6871833,-40.25276160581854,100,-11.709697554399902,-40.25276160581854,-90.98871914143429,15.92592510202363,-0.06891495226422768,-0.8050552321163709,-2.1651876682726447,0.42712784041453944,0.0,0.0,0.0,0.0,0.0,0.0,0.0,0.0,0.0,0.0,0.0,0.0,4400,220000,50,50.0,50,0.0,0.9999868,-0.008508947,-0.9999984,0.7736785,-47.846790844703804,20,-10.759872075780141,-47.846790844703804,-88.06776017840977,17.929033846839165,-0.11530169336486702,-0.956935816894076,-2.142531138296909,0.478698628952297,0.0,0.0,0.0,0.0,0.0,0.0,0.0,0.0,0.0,0.0,0.0,0.0,900,45000,50,50.0,50,0.0,0.004897689970675856,64.89108328224393,21.16943391301902,5.629030090000015,0.02619125001365319,38.05098276829813,0.010408655973151326,2956.0392914170516,0.00013891496928408742,0.021324651315808296,-1.2593666315078735,27.57528,5.6727123,-5.918687,5.845533,-46.084637,88.988434,45.567894,-25.182125,22.027386,89.197586,46.042187,-24.757277,21.754757,88.68074,45.953636,-8.489845,21.188295,2.7679949,6.423218,0,0.99997526,0.07531531,-0.9999971,0.7817665,0.39621472,-0.33849263,-1.0447316,0.22254717,1.4861884,0.7309074,0.35178623,0.16692232
44,0.99996036,-0.075200975,-0.99999356,0.6903402,-41.566105139216916,100,-13.310879423432615,-41.566105139216916,-85.36717295738562,14.8827447925814,1.4942702004626425,-0.8313221027843382,-2.0747231235040506,0.40695734574410897,0.0,0.0,0.0,0.0,0.0,0.0,0.0,0.0,0.0,0.0,0.0,0.0,4500,225000,50,50.0,50,0.0,0.9999825,-0.16910182,-0.99999976,0.73590624,-44.74476873008798,20,-17.040442446127336,-44.74476873008798,-71.8648898894974,15.250197084215458,-0.09400243254452435,-0.8948953746017598,-2.080706106769476,0.43459253683013677,0.0,0.0,0.0,0.0,0.0,0.0,0.0,0.0,0.0,0.0,0.0,0.0,920,46000,50,50.0,50,0.0,0.004604356014169753,65.56076887866948,22.53909646597458,3.9863365110359155,0.031828909006435424,38.98596411861945,0.012801280012354255,3024.5041397894965,0.00013723800657317042,0.02175929583609104,-2.3844571113586426,18.390781,5.3770547,-4.9329405,4.6456165,-47.2776,105.69736,46.72325,-55.41053,24.843708,106.7169,47.25585,-54.44908,24.669458,105.744316,47.614323,-8.729788,22.526777,2.3459954,29.175718,0,0.9995801,-0.0015663666,-0.9998688,0.77654266,0.2994461,-0.34850845,-1.0275135,0.23118332,1.3491113,0.72491336,0.35789576,0.1697771
45,0.99999744,-0.07778563,-0.999997,0.6765263,-43.15688826206696,100,-7.2721513420224415,-43.15688826206696,-86.55540504806602,15.717097437862696,0.4796772233337837,-0.8631377652413393,-2.1766696150500957,0.4332452149392768,0.0,0.0,0.0,0.0,0.0,0.0,0.0,0.0,0.0,0.0,0.0,0.0,4600,230000,50,50.0,50,0.0,0.9999971,-0.115748696,-0.99999744,0.7637944,-44.701772354058065,20,-13.688338380714082,-44.701772354058065,-78.68826009511413,16.796953442490285,-0.06489766753880379,-0.8940354470811613,-2.176219668327357,0.46741427510656447,0.0,0.0,0.0,0.0,0.0,0.0,0.0,0.0,0.0,0.0,0.0,0.0,940,47000,50,50.0,50,0.0,0.004624471010174602,65.16930386854801,21.762072562007234,4.0368790429783985,0.027772527013439685,39.3269633645541,0.010864929005037993,3092.619509150274,0.0001269719796255231,0.022248823195695877,2.4344568252563477,26.515682,6.6397266,-7.809617,5.6915445,-44.702496,115.0493,44.647537,-33.7017,24.126377,114.2215,44.46675,-34.375225,24.118738,113.509285,44.936443,-8.969048,22.87034,3.2669265,9.717165,0,0.99996525,-0.05774738,-0.9999802,0.795396,0.15806167,-0.35693547,-1.2214158,0.20935848,1.1712384,0.71512246,0.2948125,0.14813635
46,0.99999475,-0.04453539,-0.9999887,0.66880345,-40.56712592650295,100,-7.98466226261747,-40.56712592650295,-91.71619415027651,15.837234129933716,-0.03767923879810948,-0.8113425185300591,-2.1745928456587693,0.43656069018163973,0.0,0.0,0.0,0.0,0.0,0.0,0.0,0.0,0.0,0.0,0.0,0.0,4700,235000,50,50.0,50,0.0,0.9999897,-0.09403887,-0.9999989,0.7766809,-48.15601086435761,20,-14.323621504113826,-48.15601086435761,-85.31122503457512,17.844352564812603,-0.13927179718397975,-0.963120217287152,-2.137102169051155,0.47192003700995416,0.0,0.0,0.0,0.0,0.0,0.0,0.0,0.0,0.0,0.0,0.0,0.0,960,48000,50,50.0,50,0.0,0.004774141008965671,63.38581947388593,21.022941956995055,4.12465193902608,0.03106274997116998,38.1899553318508,0.01232593902386725,3158.751140372595,0.00010741600999608636,0.02298797480762005,1.463735818862915,23.478065,6.387973,-5.832239,5.6938934,-43.968605,106.21842,44.003197,-55.582375,25.931189,107.370865,43.91807,-52.607445,25.654837,106.24018,44.405205,-9.212636,23.822748,2.858514,25.71362,0,0.9996845,-0.059785936,-0.99990445,0.79064816,0.25241336,-0.3283878,-0.9817419,0.2280974,1.287128,0.73884183,0.3746579,0.16701931
47,0.99998826,-0.07284932,-0.9999922,0.6630986,-43.74544273438288,100,-6.605418218469426,-43.74544273438288,-80.37491327795335,17.24714928254255,-0.08467655741798713,-0.8749088546876578,-2.1176810772629286,0.45218195148331386,0.0,0.0,0.0,0.0,0.0,0.0,0.0,0.0,0.0,0.0,0.0,0.0,4800,240000,50,50.0,50,0.0,0.99999964,-0.07288672,-0.99999017,0.75415564,-42.20723491514359,20,-12.397577766011626,-42.20723491514359,-77.83283385568005,18.818723895107215,-0.061075252004926577,-0.8441446983028716,-2.0032410526519424,0.4460579157319486,0.0,0.0,0.0,0.0,0.0,0.0,0.0,0.0,0.0,0.0,0.0,0.0,980,49000,50,50.0,50,0.0,0.005031786044128239,61.776435075269546,23.839916741999332,4.460081055993214,0.027799625997431576,33.430835037259385,0.012672981014475226,3222.990117654903,9.784696158021688e-05,0.022625617682933807,-1.0301330089569092,19.602964,5.7281017,-5.6611776,5.4848156,-45.427753,125.57954,45.693535,-45.071,28.257168,125.54599,45.301464,-44.96172,28.19376,124.13785,45.859665,-9.446927,26.732473,2.805305,15.4478855,0,0.9997907,0.004668699,-0.9997787,0.76968163,0.5595481,-0.31004956,-1.2146779,0.25802952,1.7498815,0.7579921,0.2968056,0.19573815
48,0.9999995,-0.13527997,-0.99999976,0.6856854,-45.43003706738904,100,-8.75200493571902,-45.43003706738904,-90.11904632346587,16.786037458308524,-0.08804089267215602,-0.9086007413477808,-2.1142487300294897,0.44287724190210676,0.0,0.0,0.0,0.0,0.0,0.0,0.0,0.0,0.0,0.0,0.0,0.0,4900,245000,50,50.0,50,0.0,0.9999997,-0.11366335,-0.99999964,0.7630303,-49.54384681873861,20,-20.89410870032788,-49.54384681873861,-92.97352096033697,18.21905978842472,-0.1252712339783417,-0.9908769363747721,-2.22510034272654,0.47981303812124604,0.0,0.0,0.0,0.0,0.0,0.0,0.0,0.0,0.0,0.0,0.0,0.0,1000,50000,50,50.0,50,0.0,0.006954237003810704,61.7109635733068,23.010113778989762,4.513663151010405,0.021132925001438707,34.14953883725684,0.009440028050448745,3287.1998275456717,0.00012061599409207702,0.022205060347914696,1.5222450494766235,22.61356,6.3998084,-4.81234,5.2861657,-48.67694,120.01156,48.125885,-38.08155,25.664616,119.98213,48.483456,-35.11359,25.384987,120.7642,48.669003,-9.679068,24.685255,2.1909773,9.510185,0,0.99984217,-0.13216643,-0.9999925,0.7671581,0.3408714,-0.31729266,-1.1467787,0.25360096,1.4061724,0.751645,0.3176584,0.19003487
49,0.9999955,0.0037904317,-0.99999994,0.6685376,-43.20516903001119,100,-11.84352841678067,-43.20516903001119,-92.3486409274137,17.016982878130435,-0.06242732936152714,-0.8641033806002238,-2.072241637211517,0.4371729754322209,0.0,0.0,0.0,0.0,0.0,0.0,0.0,0.0,0.0,0.0,0.0,0.0,5000,250000,50,50.0,50,0.0,0.99999285,-0.09306464,-0.99999857,0.72504926,-45.25158934238302,20,-29.473464735612218,-45.25158934238302,-71.62412350753249,10.03651680727624,-0.08786634941677242,-0.9050317868476603,-1.9257479238758255,0.327109110208071,0.0,0.0,0.0,0.0,0.0,0.0,0.0,0.0,0.0,0.0,0.0,0.0,1020,51000,50,50.0,50,0.0,0.005020540964324027,60.9783197377692,23.005164686008357,4.818166896002367,0.02526683098403737,33.11395367683144,0.010619228007271886,3350.6156908220146,0.00012787897139787674,0.02269568108022213,-0.7183274030685425,26.325855,5.8102465,-5.6186514,5.6095433,-46.69429,103.04867,46.916584,-30.63128,26.858818,103.022804,46.34781,-33.905067,26.846985,102.78591,47.652977,-9.914903,25.253109,3.1775706,13.008194,0,0.9999654,0.020937592,-0.99999535,0.77286303,0.3394559,-0.3245265,-1.1116437,0.23478071,1.4041834,0.7429213,0.32901773,0.17440544
50,0.99999803,-0.10182325,-0.9999999,0.68698287,-44.88743441900297,100,-11.954360034428293,-44.88743441900297,-90.95308321957368,18.402496781112948,-0.03455201554375758,-0.8977486883800593,-2.098222013478423,0.4645617529672599,0.0,0.0,0.0,0.0,0.0,0.0,0.0,0.0,0.0,0.0,0.0,0.0,5100,255000,50,50.0,50,0.0,0.9999987,-0.0021286749,-0.99999744,0.765384,-47.53066521169936,20,-18.763852485111205,-47.53066521169936,-86.06632266088309,18.184584096601206,-0.12813254327285076,-0.9506133042339872,-1.9242075819126914,0.45702344644458615,0.0,0.0,0.0,0.0,0.0,0.0,0.0,0.0,0.0,0.0,0.0,0.0,1040,52000,50,50.0,50,0.0,0.00757798901759088,60.29488621215569,22.465769471018575,4.579475920996629,0.022040442971047014,33.21045951015549,0.009471245983149856,3413.3160695058177,9.163201320916414e-05,0.023160401731729507,0.7944037914276123,23.925781,6.2109795,-5.3586464,5.826017,-46.57436,122.94383,46.447296,-55.69848,29.052292,121.055214,46.430264,-50.263298,29.09665,120.87946,47.101486,-10.150291,27.008797,2.8759592,24.74097,0,0.99997294,-0.095538,-0.9999729,0.7725252,0.30652145,-0.29822132,-1.1204423,0.26967344,1.3586906,0.76917344,0.32613552,0.20463012
51,0.99999607,-0.06966993,-0.99999315,0.6709225,-44.16699966372289,100,-10.991715298700312,-44.16699966372289,-94.36249080449616,20.666282080788257,-0.05821634755902344,-0.8833399932744578,-2.209712458478625,0.4902771330522047,0.0,0.0,0.0,0.0,0.0,0.0,0.0,0.0,0.0,0.0,0.0,0.0,5200,260000,50,50.0,50,0.0,0.9999974,-0.017689122,-0.9999885,0.72356015,-43.966460620601985,20,-14.787470378978435,-43.966460620601985,-72.88238266656319,15.221071321214975,-0.134528364029217,-0.8793292124120399,-1.9187424788990788,0.40493287112627474,0.0,0.0,0.0,0.0,0.0,0.0,0.0,0.0,0.0,0.0,0.0,0.0,1060,53000,50,50.0,50,0.0,0.005179709987714887,60.2026986044948,22.706936458998825,4.43643628899008,0.021884977002628148,33.02284544653958,0.009307747997809201,3475.9960917230346,0.00010797497816383839,0.024718567728996277,2.4148108959198,25.889385,6.6526165,-6.4208117,6.6864915,-47.62936,117.10936,47.802963,-45.081993,25.253756,116.89442,47.6616,-44.052254,25.285124,117.468796,47.925667,-10.379971,24.046875,2.8298612,12.949865,0,0.9999894,-0.11692224,-0.9999784,0.7746243,0.3216813,-0.30537856,-0.95717645,0.23044856,1.3794451,0.75679463,0.38397554,0.17750283
52,0.9999964,-0.064530775,-0.99999416,0.6875213,-46.71853995674837,100,-11.672008309472401,-46.71853995674837,-95.79864173803516,19.335051350861395,-0.040235472057938655,-0.9343707991349677,-2.3313457710049463,0.47767187672117306,0.0,0.0,0.0,0.0,0.0,0.0,0.0,0.0,0.0,0.0,0.0,0.0,5300,265000,50,50.0,50,0.0,0.9999995,-0.08822337,-0.9999982,0.7354166,-50.408649320086674,20,-19.93006624988589,-50.408649320086674,-89.00522062434506,20.67249638730234,-0.07470363199632304,-1.0081729864017335,-2.087255460794325,0.4831625521060196,0.0,0.0,0.0,0.0,0.0,0.0,0.0,0.0,0.0,0.0,0.0,0.0,1080,54000,50,50.0,50,0.0,0.005142972979228944,59.160946033662185,21.80837565899128,4.396513683022931,0.020888202008791268,32.920779089676216,0.009142783004790545,3537.60252381023,0.00010364397894591093,0.024644305929541588,-1.69492506980896,33.732254,5.5423093,-7.1931887,6.715004,-48.8923,119.65703,48.766136,-51.026546,29.456474,118.32408,48.93172,-48.876575,29.357193,119.813934,49.917404,-10.598514,26.609917,2.5256267,33.088257,0,0.9999852,-0.096876346,-0.99998987,0.757612,0.42637014,-0.30230358,-0.97033083,0.2258235,1.5316876,0.7583253,0.37895766,0.17494889
53,0.999998,-0.03460017,-0.99999946,0.68218493,-41.656158075278164,100,-12.449369107768408,-41.656158075278164,-81.07159745736041,15.427755500139764,-0.05297393269553477,-0.8331231615055632,-2.1257574683548266,0.4100763695105222,0.0,0.0,0.0,0.0,0.0,0.0,0.0,0.0,0.0,0.0,0.0,0.0,5400,270000,50,50.0,50,0.0,0.9999999,-0.029882237,-0.99999887,0.7532645,-51.25930271401135,20,-32.1246078609408,-51.25930271401135,-84.9769684201286,15.552980646990298,-0.13406417761631365,-1.0251860542802271,-2.027939717559606,0.4362291153856238,0.0,0.0,0.0,0.0,0.0,0.0,0.0,0.0,0.0,0.0,0.0,0.0,1100,55000,50,50.0,50,0.0,0.0048756200121715665,60.403457036823966,22.690216175979003,4.475628425017931,0.022095267951954156,33.20124000287615,0.009301252954173833,3600.4776616931777,0.000100292032584548,0.02635280229151249,0.18827420473098755,23.265938,6.051778,-10.247126,6.1557937,-50.483334,124.56763,50.350388,-46.790092,27.360254,124.604126,50.376175,-47.301918,27.328856,125.562965,51.01947,-10.820119,25.46324,2.7770932,17.30167,0,0.9999789,-0.008038252,-0.99998,0.78078425,0.3194622,-0.28009865,-1.2769611,0.2233338,1.3763874,0.77460855,0.27888352,0.17254685
54,0.9999969,-0.02189714,-0.9999998,0.68688023,-48.173800842361544,100,-16.344282239592218,-48.173800842361544,-97.08531895000654,17.204671104193082,0.47608756201454394,-0.963476016847231,-2.0854677470271796,0.4286828466993272,0.0,0.0,0.0,0.0,0.0,0.0,0.0,0.0,0.0,0.0,0.0,0.0,5500,275000,50,50.0,50,0.0,0.9999991,-0.060984183,-0.9999997,0.75234926,-55.48672214578396,20,-21.720086731809005,-55.48672214578396,-100.2317006420308,20.38516850345262,0.4794530780461301,-1.1097344429156792,-2.210654723491544,0.4771614434934002,0.0,0.0,0.0,0.0,0.0,0.0,0.0,0.0,0.0,0.0,0.0,0.0,1120,56000,50,50.0,50,0.0,0.006747087987605482,59.99258891650243,22.473707562021445,4.507688648009207,0.022600151016376913,32.97168628440704,0.010051348013803363,3662.887751406117,0.00010783504694700241,0.027194375172257423,0.04587996006011963,24.80017,6.0127277,-8.751247,5.7698298,-53.779278,118.75128,53.645294,-28.85228,26.8636,120.4815,53.795586,-28.607588,26.750938,120.998146,53.976364,-11.052632,25.914528,4.235491,8.530414,0,0.99999714,-0.0034707263,-0.99992645,0.7746736,0.3420948,-0.32933763,-1.0342109,0.22453585,1.4078938,0.73776096,0.3555068,0.16729972
55,0.99999964,-0.029036034,-0.9999984,0.67852885,-48.04260777499261,100,-9.381777174284897,-48.04260777499261,-97.45191618542609,19.582488172593067,-0.039978583432592495,-0.9608521554998523,-2.3201768998981662,0.48024488152196004,0.0,0.0,0.0,0.0,0.0,0.0,0.0,0.0,0.0,0.0,0.0,0.0,5600,280000,50,50.0,50,0.0,0.99999994,0.0046532415,-0.9999941,0.73560345,-51.91382729445813,20,-16.56745322663592,-51.91382729445813,-101.1262136798559,20.682827815320653,-0.16191708647563405,-1.0382765458891627,-2.119463854824594,0.46069403065406506,0.0,0.0,0.0,0.0,0.0,0.0,0.0,0.0,0.0,0.0,0.0,0.0,1140,57000,50,50.0,50,0.0,0.00518550502602011,61.77519429806853,22.63264188397443,4.625090382993221,0.022873510024510324,34.47893338801805,0.010352923010941595,3727.1926962566213,0.00011670502135530114,0.02735491469502449,0.16262996196746826,24.555172,6.0451894,-3.4015737,5.0983458,-52.934135,121.3115,52.92928,-43.253838,30.450342,119.49409,52.74829,-41.89547,30.247936,120.51478,52.933315,-11.29156,29.14527,2.983794,13.750153,0,0.9999013,-0.0558496,-0.999896,0.77457094,0.24910769,-0.31517097,-1.1098373,0.2234753,1.2828802,0.7481024,0.32961258,0.1683477
56,0.99999976,-0.06935419,-0.99999887,0.6675264,-45.552425384151285,100,-6.905039725568578,-45.552425384151285,-97.26673366366708,20.221009811221837,-0.048350195512200767,-0.9110485076830257,-2.177906337818064,0.475398206380828,0.0,0.0,0.0,0.0,0.0,0.0,0.0,0.0,0.0,0.0,0.0,0.0,5700,285000,50,50.0,50,0.0,0.99999624,-0.05130652,-0.99999964,0.7322028,-50.9259776548251,20,-11.588868743738269,-50.9259776548251,-94.03596668398976,23.66604852929756,-0.13337301438664567,-1.0185195530965019,-2.0302954012588232,0.5033924561303712,0.0,0.0,0.0,0.0,0.0,0.0,0.0,0.0,0.0,0.0,0.0,0.0,1160,58000,50,50.0,50,0.0,0.005061678006313741,60.43452347087441,22.821170962008182,4.626234102994204,0.023794017964974046,32.94664384389762,0.011519341962412,3790.076115280972,9.952404070645571e-05,0.027348119765520096,-0.5716696381568909,26.932175,5.8411636,-4.817273,5.4436097,-52.391518,113.42256,52.237015,-64.51193,30.012161,112.768166,52.16916,-62.020996,29.571999,112.76637,53.420845,-11.531643,26.30981,3.7211356,45.802315,0,0.99997205,-0.01124253,-0.99985164,0.7625119,0.42265236,-0.28988788,-0.914754,0.23213443,1.5260037,0.7686443,0.4006152,0.17828402
57,0.9999956,0.016583575,-0.9999956,0.68234766,-44.691249808890106,100,-14.936680801880259,-44.691249808890106,-88.32818987025925,17.170018090962376,0.4731934203594285,-0.893824996177802,-2.042950334299401,0.43576268241675636,0.0,0.0,0.0,0.0,0.0,0.0,0.0,0.0,0.0,0.0,0.0,0.0,5800,290000,50,50.0,50,0.0,0.99997514,-0.008270198,-0.99999654,0.74296993,-44.023380560109956,20,-5.304262438771678,-44.023380560109956,-100.66957535363198,21.886102210601113,0.4727680169211003,-0.8804676112021991,-2.1865399732868203,0.5180871049239876,0.0,0.0,0.0,0.0,0.0,0.0,0.0,0.0,0.0,0.0,0.0,0.0,1180,59000,50,50.0,50,0.0,0.00549245800357312,60.440992520481814,23.16080585104646,4.452609924017452,0.02256606798619032,32.789848972461186,0.009574052994139493,3852.913951411436,9.519397281110287e-05,0.027441414073109627,-1.3680734634399414,23.229616,5.6195254,-7.6612844,5.3784966,-55.611465,118.19217,55.128662,-39.026314,31.058512,120.8629,55.55122,-39.209976,31.013882,119.39904,55.897144,-11.773906,29.80836,2.5758748,12.633084,0,0.9999026,0.0023684911,-0.9998501,0.7611099,0.34243515,-0.2957675,-0.919864,0.2279612,1.408373,0.76376504,0.39857325,0.17863433
58,0.9999958,-0.07891609,-0.99999213,0.68418795,-43.501988340003976,100,-8.006526019932524,-43.501988340003976,-87.51064044030123,18.813872677784886,0.4708662213736369,-0.8700397668000794,-2.301342552783384,0.46644842800189107,0.0,0.0,0.0,0.0,0.0,0.0,0.0,0.0,0.0,0.0,0.0,0.0,5900,295000,50,50.0,50,0.0,1.0,-0.055677693,-0.9999926,0.7515254,-43.579165252657916,20,-8.811144061688042,-43.579165252657916,-74.47458967206282,19.705117442469366,-0.06222637429867757,-0.8715833050531585,-1.9412309820467182,0.46201731212823943,0.0,0.0,0.0,0.0,0.0,0.0,0.0,0.0,0.0,0.0,0.0,0.0,1200,60000,50,50.0,50,0.0,0.005205061985179782,59.511058586940635,22.189342411991674,4.411977590993047,0.021814506966620684,32.87347880296875,0.009138034016359597,3914.8611922307173,0.00010217801900580525,0.028170902281999588,-1.413011074066162,20.240828,5.6041393,-6.935442,5.170974,-53.975754,116.10618,53.424255,-42.94755,29.494942,115.90634,53.743202,-39.787754,29.407326,116.64403,54.61332,-12.012846,26.940369,3.0779796,26.225441,0,0.9999922,-0.07167866,-0.9998667,0.75367147,0.36064017,-0.2786476,-0.9934578,0.21329962,1.4342473,0.7740938,0.37029406,0.16487198
59,0.9999609,0.016381554,-0.9999995,0.66047364,-46.95865951178114,100,-8.524602775124213,-46.95865951178114,-103.4810490143954,20.406020452089553,-0.07724736516791972,-0.9391731902356228,-2.2164920205575247,0.4773178387791346,0.0,0.0,0.0,0.0,0.0,0.0,0.0,0.0,0.0,0.0,0.0,0.0,6000,300000,50,50.0,50,0.0,0.99998415,-0.06277368,-0.999999,0.7283506,-41.71366380569764,20,-20.697381131596856,-41.71366380569764,-69.25401814439641,13.23605848657375,-0.09602025386494001,-0.834273276113953,-1.7722810009331915,0.3825753699471996,0.0,0.0,0.0,0.0,0.0,0.0,0.0,0.0,0.0,0.0,0.0,0.0,1220,61000,50,50.0,50,0.0,0.005962071008980274,60.2734468539129,22.312468058953527,4.391116697981488,0.022531986003741622,33.53180585993687,0.009442262002266943,3977.6387768028653,0.00011991802603006363,0.027635810896754265,-0.9095818996429443,29.999765,5.7465386,-4.0163727,5.7098103,-58.32822,125.08758,58.296795,-62.995567,30.741821,123.97312,58.23178,-61.393295,30.777401,123.76106,58.881653,-12.23659,28.671669,2.695048,28.419868,0,0.9997555,-0.052560464,-0.99998724,0.75906914,0.31207153,-0.27670458,-1.0145335,0.21014683,1.3662524,0.7749689,0.36257154,0.16064313
60,0.99999934,-0.13571455,-0.9999966,0.6572047,-48.07293354305693,100,-7.57637021498229,-48.07293354305693,-99.85719769892702,20.534255910157107,-0.07324499791798049,-0.9614586708611387,-2.2692639828739374,0.4699478395486429,0.0,0.0,0.0,0.0,0.0,0.0,0.0,0.0,0.0,0.0,0.0,0.0,6100,305000,50,50.0,50,0.0,0.99999434,-0.078541666,-0.99999404,0.736661,-45.54785217078001,20,-21.517015517410623,-45.54785217078001,-62.55443746122261,11.435498486620494,-0.2742724536574126,-0.9109570434156004,-1.804148602855478,0.3344632879280633,0.0,0.0,0.0,0.0,0.0,0.0,0.0,0.0,0.0,0.0,0.0,0.0,1240,62000,50,50.0,50,0.0,0.005235232994891703,60.419743248668965,22.297449807985686,4.447989504027646,0.029094274039380252,33.62999124662019,0.00987073901342228,4040.5774919673568,0.00011244398774579167,0.027934126555919647,1.6849528551101685,24.091127,6.470933,-4.832939,5.249358,-55.32975,127.00745,55.368736,-45.009308,32.135418,128.0375,55.457756,-37.323837,32.098576,127.90124,55.74859,-12.465495,30.974903,3.56107,13.930833,0,0.99996364,-0.10214301,-0.9999258,0.77518517,0.32445055,-0.3014445,-1.0169334,0.23157586,1.3832704,0.7596848,0.3617024,0.17526436
61,0.9999997,0.043899585,-0.9999993,0.6777319,-44.273812853897525,100,-8.575321220254525,-44.273812853897525,-94.54281929707768,19.217550906209794,-0.036011537151545064,-0.8854762570779505,-2.0947064206246484,0.47039584014092256,0.0,0.0,0.0,0.0,0.0,0.0,0.0,0.0,0.0,0.0,0.0,0.0,6200,310000,50,50.0,50,0.0,0.99999636,0.030285766,-0.9999875,0.73536366,-46.55143701620291,20,-20.288217931952335,-46.55143701620291,-71.19822723841962,17.329956752203152,-0.11672322162696769,-0.9310287403240581,-1.7010301934904566,0.3953520876397297,0.0,0.0,0.0,0.0,0.0,0.0,0.0,0.0,0.0,0.0,0.0,0.0,1260,63000,50,50.0,50,0.0,0.004994490009266883,61.073812950751744,22.84293217898812,4.543699234025553,0.022801782994065434,33.649806252797134,0.009481163986492902,4104.107092563761,9.784795111045241e-05,0.028703102841973305,1.4015761613845825,22.089924,6.3947268,-6.0157576,5.6536465,-57.504,110.84931,57.256905,-40.90471,28.034748,111.69542,57.25376,-41.364918,28.040228,110.8823,57.619064,-12.692061,26.669767,3.0091996,11.867174,0,0.9999164,-0.0054424084,-0.999878,0.77664524,0.25029567,-0.31235456,-1.0264989,0.21308188,1.2844051,0.74856377,0.35825905,0.16171578
